"curated_column","original_column","unique_vals","completeness_OC","completeness_CC","total_improvement","unique_vals_OC","unique_vals_CC","perc_reduction"
"cancer_subtype","SUBTYPE","NA Invasive Superficial HER2 Normal Luminal B Luminal A Basal poorly differentiated moderately differentiated moderate to poorly differentiated acral lentiginous nodular superficial spreading amelanotic amelanotic nodular lentigo maligna blue nevus desmoplastic MSI (Hyper-mutated) Copy-number low (Endometriod) Copy-number high (Serous-like) POLE (Ultra-mutated) D I Small Cell Lung Cancer (SCLC) Adenocarcinoma B-cell, Non-Hodgkins, Burkitts T-cell, Non-Hodgkins, Cutaneous Transitional Cell Carcinoma Osteosarcoma Multiple Myeloma Acute Myelogenous Leukemia (AML), M5 (Eosinophilic/Monocytic) Melanoma Breast Ductal Carcinoma Ewings Sarcoma Hepatocellular Carcinoma Mesothelioma Adenocarcinoma, serous Adenocarcinoma, high grade serous Squamous Cell Carcinoma Cystadenocarcinoma, mucinous Endometrial Adenocarcinoma Skin Glioblastoma Leiomyosarcoma Ductal Adenocarcinoma, exocrine Astrocytoma Non-Small Cell Lung Cancer (NSCLC), Adenocarcinoma Chondrosarcoma B-cell, Hodgkins Diffuse Large B-cell Lymphoma (DLBCL) Fibrosarcoma Renal Carcinoma, clear cell Non-Small Cell Lung Cancer (NSCLC), Large Cell Carcinoma Breast Acute Lymphoblastic Leukemia (ALL), T-cell T-cell Carcinoma Caecum Adenocarcinoma Acute Lymphoblastic Leukemia (ALL), B-cell Glioma Non-Small Cell Lung Cancer (NSCLC), Squamous Cell Carcinoma Bone Lung Squamous Cell Carcinoma, oral Duodenal Adenocarcinoma Carcinoma, follicular Renal Cell Carcinoma Acute Myelogenous Leukemia (AML), M6 (Erythroleukemia) Adenocarcinoma, mucinous Adenocarcinoma, clear cell Squamous Cell Carcinoma, laryngeal Hepatoblastoma Small Cell Carcinoma Squamous Cell Carcinoma, tongue Adenocarcinoma, endometrioid Mullerian Carcinoma Cystadenocarcinoma, high grade serous Endometrial Adenosquamous Carcinoma Non-Small Cell Lung Cancer (NSCLC), unspecified Malignant Rhabdoid Tumor Acute Myelogenous Leukemia (AML), M2 (Myeloblastic) Ductal Adenosquamous Carcinoma, exocrine Chronic Myelogenous Leukemia (CML) Oligodendroglioma Cholangiocarcinoma, intrahepatic T-cell, Non-Hodgkins, Anaplastic Large Cell (ALCL) Acute Myelogenous Leukemia (AML) Myeloma Adenocarcinoma, tubular Multiple Myeloma, plasmacytoma Cystadenocarcinoma, endometrioid B-cell, Non-Hodgkins Rhabdomyosarcoma Uterine Sarcoma Pleomorphic Sarcoma Medulloblastoma Clear Cell Carcinoma Lymphoma Squamous Cell Carcinoma, hypopharyngeal Carcinoma, anaplastic Melanoma, amelanotic Colorectal Squamous Cell Carcinoma, basaloid Adenocarcinoma, mixed Non-Small Cell Lung Cancer (NSCLC), Adenosquamous Carcinoma Squamous Cell Carcinoma, salivary gland Non-Small Cell Lung Cancer (NSCLC), Mucoepidermoid Carcinoma Rhabdomyosarcoma, alveolar Adenocarcinoma, signet ring cell Malignant Mixed Mullerian Tumor (MMMT) Cholangiocarcinoma, extrahepatic Carcinoma, brenner Acute Myelogenous Leukemia (AML), M7 (Megakaryoblastic) Upper aerodigestive Soft tissue Cystadenocarcinoma, clear cell Acute Myelogenous Leukemia (AML), M3 (Promyelocytic) Adenocarcinoma, low grade serous Ductal Adenosquamous Carcinoma Hepatocellular Carcinoma, HBs-antigen carrier Endometrial Stromal Sarcoma Somatostatinoma Squamous Cell Carcinoma, pharynx Renal Leiomyoblastoma Chronic Myelogenous Leukemia (CML), blast crisis Meningioma B-cell, Non-Hodgkins, Mantle Cell Rhabdomyosarcoma, embryonal Bladder Acute Myelogenous Leukemia (AML), M4 (Myelomonocytic) B-cell Renal Carcinoma, transitional cell Chronic Lymphoblastic Leukemia (CLL), B-cell Carcinoid Thyroid Sarcoma Carcinoma, papillary Atypical Teratoid Rhabdoid Tumor (ATRT) ATL Merkel Cell Carcinoma Carcinoma, gingival Oral Dysplasia Carcinoma, mucoepidermoid Lymphoblastic Lymphoma B-cell, Non-Hodgkins, Primary Effusion B-cell, Non-Hodgkins, Mediastinal Large Acute Myelogenous Leukemia (AML), M5 (Monocytic) Hairy Cell Hodgkins T-cell, Non-Hodgkins, Cutaneous, Sezary Syndrome Hereditary Spherocytosis Natural Killer Cell Lymphoblastic Leukemia/Lymphoma Colorectal Carcinoma Choriocarcinoma Primitive Neuroectodermal Tumor (PNET) Ductal Adenocarcinoma Malignant Fibrous Histiocytoma Synovial Epithelioid Squamous Cell Carcinoma, vulvar Cervical Adenocarcinoma Granulosa Cell Tumor Cystadenocarcinoma Prostate Hyperplasia Testicular Carcinoma Carcinoma, vulvar Endometrial Squamous Cell Carcinoma Acute Biphenotypic Leukemia B-cell, Non-Hodgkins, Follicular Chordoma, sacral Astrocytoma, anaplastic Carcinoma, giant cell Uveal Melanoma WDLPS Colon Carcinoma Small Cell Carcinoma of the Ovary Hypercalcemic Type (SCCOHT) Primitive neuroectodermal tumor Unknown Chordoma Retinoblastoma Squamous Cell Carcinoma, buccal mucosa Undifferentiated Colon Adenocarcinoma ACC BLCA BRCA_LumA BRCA_Her2 BRCA_LumB BRCA_Normal BRCA_Basal CESC_SquamousCarcinoma CESC_AdenoCarcinoma READ_CIN READ_GS READ_POLE READ_MSI COAD_CIN COAD_MSI COAD_GS COAD_POLE CHOL DLBC ESCA_CIN ESCA_POLE ESCA_ESCC ESCA_GS ESCA_MSI GBM_IDHmut-non-codel GBM_IDHwt GBM HNSC_HPV- HNSC_HPV+ Breast Ductal HR+HER2- Uterine Endometrioid Uterine Serous Pleural Mesothelioma Bladder Urothelial Breast Ductal HR+HER2+ Stomach Adenocarinoma Esophageal Adenocarinoma Upper Tract Urothelial Ovarian High-Grade Serous Uterine Hypermutated Ovarian Clear Cell Lung Adenocarcinoma Sarcoma Leiomyo Breast Lobular HR+ Testicular Seminoma Small Cell Lung Cancer Cholangio Intrahepatic Colorectal MSS Testicular Non-Seminoma Gastrointestinal Stromal Pancreatic Adenocarcinoma Sarcoma Lipo Ovarian Low-Grade Serous Cholangio Extrahepatic Thyroid Poorly Differentiated Breast Ductal Triple Negative Prostate Adenocarcinoma Adenoid Cystic Carcinoma Cervical Squamous Cell Anal Squamous Cell Lung Squamous Cell Carcinoma Cutaneous Squamous Cell Thyroid Papillary Renal Clear Cell Head and Neck Squamous Lung Neuroendocrine Breast Ductal HR-HER2+ Melanoma Cutaneous Sarcoma UPS/MXF Gallbladder Cancer Uterine Carcinosarcoma Melanoma Uveal Colorectal Hypermutated Pancreatic Neuroendocrine Appendiceal Adenocarcinoma Small Bowel cancer Melanoma Mucosal Gastrointestinal Neuroendocrine KICH KIRC KIRP LAML LGG_IDHmut-non-codel LGG_IDHwt LGG_IDHmut-codel LIHC LUAD LUSC MESO OV Papillary Non-papillary PAAD PCPG PRAD SARC_MFS/UPS SARC_DDLPS SARC_LMS SARC_Other SKCM STAD_CIN STAD_GS STAD_MSI STAD_EBV STAD_POLE TGCT_seminoma TGCT_non-seminoma THCA THYM UCEC_CN_HIGH UCEC_CN_LOW UCEC_POLE UCEC_MSI UCS UVM chromophobe unclassified oncocytoma papillary sarcomatoid translocation GCB ABC FL 1-ERG 2-ETV1 3-ETV4 4-FLI1 5-SPOP 6-FOXA1 7-IDH1 8-other",0.210039035,0.2834106,0.073371565,1094,793,0.724862888482633
"cancer_subtype","SUBTYPE_ABBREVIATION","NA IDC HR+HER2- UCEC ENDO UCEC SEROUS PLMESO BLCA HCC IDC HR+HER2+ STAD ESCA UTUC HGSOC UCEC HM CCOV LUAD SARC LMS ILC HR+HER2- TGCT SEM SCLC CHOL intra CRC MSS TGCT non-SEM GIST PAAD SARC LS LGSOC CHOL extra THPD IDC TN PRAD ACYC CESC ANSC LUSC CSCC THPA CCRCC HNSC LNET IDC HR-HER2+ SKCM SARC UPSMFS GBC UCEC CSRC UM CRC HM PANET APAD SBS MUCM GINET",0.143323436,0.2834106,0.073371565,NA,NA,NA
"cancer_subtype","CLAUDIN_SUBTYPE","NA claudin-low LumA LumB Normal Her2 Basal NC",0.011009909,0.2834106,0.073371565,NA,NA,NA
"cancer_subtype","LINEAGE_SUBTYPE","NA SCLC colorectal_adenocarcinoma non_hodgkin_lymphoma bladder_carcinoma osteosarcoma multiple_myeloma AML melanoma breast_ductal_carcinoma Ewing_sarcoma hepatocellular_carcinoma mesothelioma ovary_adenocarcinoma esophagus_squamous endometrial_adenocarcinoma fibroblast_skin glioma leiomyosarcoma exocrine neuroblastoma NSCLC chondrosarcoma hodgkin_lymphoma gastric_adenocarcinoma fibrosarcoma renal_cell_carcinoma fibroblast_breast ALL lymphoma_unspecified breast_carcinoma caecum_adenocarcinoma fibroblast_bone fibroblast_lung upper_aerodigestive_squamous duodenal_adenocarcinoma thyroid_carcinoma hepatoblastoma gastric_small_cell mullerian_carcinoma esophagus_adenocarcinoma endometrial_adenosquamous malignant_rhabdoid_tumor CML cholangiocarcinoma breast_adenocarcinoma rhabdomyosarcoma uterine_sarcoma pleomorphic_sarcoma medulloblastoma clear_cell_carcinoma fibroblast_lymphocyte fibroblast_colorectal ovary_carcinoma MMMT gallbladder_adenocarcinoma brenner_tumor prostate_small_cell fibroblast_upper_aerodigestive fibroblast_soft_tissue prostate_adenocarcinoma endometrial_stromal_sarcoma endocrine thyroid_squamous meningioma fibroblast_urinary_tract CLL lung_carcinoid thyroid_sarcoma ATRT ATL cervical_carcinoma merkel_cell_carcinoma upper_aerodigestive_carcinoma hairy_cell_leukemia NKC choriocarcinoma adrenal_carcinoma lung_carcinoma PNET skin_squamous malignant_fibrous_histiocytoma liposarcoma synovial_sarcoma epithelioid_sarcoma cervical_squamous cervical_adenocarcinoma cervical_small_cell granulosa_cell_tumor mixed_germ_cell prostate_hyperplasia embryo_carcinoma endometrial_squamous acute_biphenotypic_leukemia chordoma uveal_melanoma SCCOHT retinoblastoma undifferentiated_sarcoma",0.009080395,0.2834106,0.073371565,NA,NA,NA
"cancer_subtype","TYPE_REFINED","NA lung_small_cell colorectal lymphoma_Burkitt T-cell_lymphoma_other urinary_tract osteosarcoma multiple_myeloma AML melanoma breast Ewings_sarcoma liver mesothelioma ovary esophagus endometrium fibroblast_like glioma pancreas neuroblastoma lung_NSC chondrosarcoma lymphoma_Hodgkin lymphoma_DLBCL stomach soft_tissue kidney T-cell_ALL B-cell_ALL giant_cell_tumour upper_aerodigestive other thyroid CML bile_duct B-cell_lymphoma_other medulloblastoma leukemia_other prostate meningioma cervix",0.00754568,0.2834106,0.073371565,NA,NA,NA
"cancer_subtype","MCRC_TYPE","NA mCRC Metastasis mCRC Primary Early Stage Primary",0.006305675,0.2834106,0.073371565,NA,NA,NA
"cancer_subtype","LAUREN_CLASS","NA Diffuse Intestinal Mixed MIxed diffuse combined HGNEC/AC intestinal OTHER",0.004943338,0.2834106,0.073371565,NA,NA,NA
"cancer_subtype","PAM50_SUBTYPE","NA Basal-like HER2-enriched Luminal A Luminal B Normal-like Basal Other LuminalB LuminalA Her2 Normal",0.004187102,0.2834106,0.073371565,NA,NA,NA
"cancer_subtype","LINEAGE_SUB_SUBTYPE","NA b_cell_burkitt t_cell_cutaneous bladder_transitional_cell M5 ERneg_HER2neg serous high_grade_serous mucinous glioblastoma exocrine_adenocarcinoma astrocytoma NSCLC_adenocarcinoma DLBCL clear_cell NSCLC_large_cell t_cell ERpos_HER2neg b_cell NSCLC_squamous oral follicular M6 laryngeal tongue endometrioid diffuse_gastric ERneg_HER2pos M2 exocrine_adenosquamous oligodendroglioma intrahepatic t_cell_ALCL tubular plasmacytoma ERpos_HER2pos med_group_3 hypopharyngeal anaplastic amelanotic basaloid mixed_serous_clear_cell NSCLC_adenosquamous salivary_gland NSCLC_mucoepidermoid alveolar signet_ring_cell extrahepatic M7 mixed_endometrioid_clear_cell M3 low_grade_serous hbs_antigen_carrier somatostatinoma pharynx bladder_squamous renal_leiomyoblastoma blast_crisis b_cell_mantle_cell embryonal M4 transitional_cell papillary gingival lymphoblastic_lymphoma b_cell_primary_effusion b_cell_mediastinal_large b_cell_follicular chordoma_sacral giant_cell WDLPS keratoacanthoma buccal_mucosa",0.004036967,0.2834106,0.073371565,NA,NA,NA
"cancer_subtype","GASTRIC_CLASSIFICATION","NA CIN MSI EBV GS",0.003108353,0.2834106,0.073371565,NA,NA,NA
"cancer_subtype","CHRONIC_HEPATITIS_ANY_TYPE","NA G2S3 0 G2S2 G2S4 G3S2 G1S1 G2S1 G3S1 G3S3 G4S2 G2s2 HBV HCV NBNC 1",0.003008263,0.2834106,0.073371565,NA,NA,NA
"cancer_subtype","PRIMARY_MELANOMA_SKIN_TYPE","NA Non-glabrous skin",0.002468889,0.2834106,0.073371565,NA,NA,NA
"cancer_subtype","IHC_SUBTYPE","NA Intestinal Pancreatobiliary Mixed ER+ TN ER+HER2+ UA HER2+",0.001929514,0.2834106,0.073371565,NA,NA,NA
"cancer_subtype","INTESTINAL_TYPE_SUBCLASS","NA Tubular Mucinous Papillary",0.00189059,0.2834106,0.073371565,NA,NA,NA
"cancer_subtype","SUBTYPE_DETAILS","NA Diploid Hyperdiploid Hypodiploid Near Haploid Mature Pre-T Cortical M1Auer M2 M2Auer M3 M4Auer M5 M7 M7Down PFA PFB St-Relpos St-Se St-Yap No_Fusion Ews-Erg Ews-Fli1 GB 64 100 30 32 50 20 40 70 15 35 60 1 1.5 Unilateral Trilateral Bilateral Kataegis Chromothripsis Low Hypodiploid Masked Near Haploid Masked Low Hypodiploid Bcr-Abl1 Amlm Typical Rela-Fusion 160 290 260 Unchanged 0.5 0 Pax3/Foxo1-Fusion Negative",0.001846106,0.2834106,0.073371565,NA,NA,NA
"cancer_subtype","CANCER_SUBTYPE_CURATED","NA MLL-ALL Fusion+ RMS ASPS Astrocytoma ATRT Extracranial Rhabdoid BCP-ALL Ph+-ALL Ph-likeALL Clear Cell Sarcoma Colon Carcinoma DIPG CNS embryonal NOS Ependymoblastoma CNS EFT-CIC Ependymoma Fusion- RMS Ewing Sarcoma ETMR ETP-ALL Glioblastoma CNS germinoma Hepatoblastoma Medulloblastoma Neuroblastoma Osteosarcoma Small Cell Carcinoma T-ALL Wilms",0.001451306,0.283410600000001,0.073371565,NA,NA,NA
"cancer_subtype","MORPHOLOGY_SUBTYPE","NA Intestinal Pancreatobiliary Mixed Centroblastic EBV-associated THRBCL Immunoblastic Diffuse large B-cell lymphoma, NOS",0.001251126,0.283410600000001,0.073371565,NA,NA,NA
"cancer_subtype","ADENOCARCINOMA_SUBTYPE_WHO2015","NA Adenocarcinoma, NOS (81403) NSCLC, Adenocarcinoma Invasive mucinous ADCA Acinar adenocarcinoma (85513) Lepidic adenocarcinoma (82503) Papillary adenocarcinoma (82603) Solid adenocarcinoma (82303) ADCA (acinar) with mucin production Adenocarcinoma, mixed subtypes Invasive mucinous adenocarcinoma (82533) Micropapillary adenocarcinoma (82653) Minimally invasive adenocarcinoma, non-mucinous (82502)",0.001173278,0.283410600000001,0.073371565,NA,NA,NA
"cancer_subtype","SUBTYPE_CONSENSUS","NA ER+ TN ER+HER2+ HER2+",0.001039825,0.283410600000001,0.073371565,NA,NA,NA
"cancer_subtype","TYPE","NA sun-exposed uveal acral unknown mucosal",0.000817402,0.283410600000001,0.073371565,NA,NA,NA
"cancer_subtype","PRIMARY_TYPE","NA occult skin acral mucosal",0.000800721,0.283410600000001,0.073371565,NA,NA,NA
"cancer_subtype","BREAST_CANCER_SUBTYPE","NA HR+/HER2-",0.000784039,0.283410600000001,0.073371565,NA,NA,NA
"cancer_subtype","INTEGRATED_PHENOTYPE","NA Epithelial EMT Hypermutated",0.00060054,0.283410600000001,0.073371565,NA,NA,NA
"cancer_subtype","MUTATION_PHENOTYPE","NA MSS MSI-H",0.000583859,0.283410600000001,0.073371565,NA,NA,NA
"cancer_subtype","PRIMARY_TUMOR_LOCALIZATION_TYPE","NA Skin Acral Uveal Mucosal",0.000572738,0.283410600000001,0.073371565,NA,NA,NA
"cancer_subtype","CYTOLOGICAL_PHENOTYPE","NA tall cell variant Hurthle follicular papillary mixed papillary, tall cell variant tall cell variant phenotype (changed after consensus) upstaged T follicular, Hurthle follicular, papillary papillary, follicular follicular in met columnar",0.000544935,0.283410600000001,0.073371565,NA,NA,NA
"cancer_subtype","PATHOLOGY_CLASSIFICATION","NA D A B C E Adenocarcinoma Inadequate for diagnosis Adenocarcinoma with NE features Small cell",0.002963779,0.283410600000001,0.073371565,NA,NA,NA
"cancer_subtype","HISTOLOGICAL_SUBTYPE","NA Nodular Morphean Metatypical Superficial Non-Papillary Papillary ductal and lobular features Infiltrating ductal and lobular carcinoma Mixed invasive ductal and invasive lobular Lobular carcinoma with ductal features ductal and lobular Invasive mixed ductal and lobular carcinoma Infiltrating Tubulo-Lobular Carcinoma Mixed infiltrating lobular and grade 1 ductal carcinoma lobular/ductal Lobular/Ductal Infiltrating ductal & lobular invasive ductal and lobular carcinoma ductal/lobular Ductal/Lobular Invasive ductal and lobular carcinoma with ductal and lobular phenotypes Astrocytoma Adenocarcinoma Astrocytoma_Grade_Iv Transitional_Cell_Carcinoma Acute_Lymphoblastic_Leukaemia Clear_Cell_Renal_Cell_Carcinoma Anaplastic_Carcinoma Mucoepidermoid_Carcinoma Diffuse_Large_B_Cell_Lymphoma Renal_Cell_Carcinoma Non_Small_Cell_Carcinoma Hepatocellular_Carcinoma Acute_Myeloid_Leukaemia Plasma_Cell_Myeloma Ductal_Carcinoma B_Cell_Lymphoma_Unspecified Papillary_Carcinoma Acute_Lymphoblastic_B_Cell_Leukaemia Squamous_Cell_Carcinoma Burkitt_Lymphoma Blast_Phase_Chronic_Myeloid_Leukaemia Dedifferentiated Undifferentiated_Carcinoma Follicular_Carcinoma Small_Cell_Carcinoma Large_Cell_Carcinoma Granulosa_Cell_Tumour Acute_Lymphoblastic_T_Cell_Leukaemia Small_Cell_Adenocarcinoma Serous_Carcinoma Mucinous_Carcinoma Chronic_Lymphocytic_Leukaemia-Small_Lymphocytic_Lymphoma Clear_Cell_Carcinoma Carcinosarcoma-Malignant_Mesodermal_Mixed_Tumour Diffuse_Adenocarcinoma Gliosarcoma Mantle_Cell_Lymphoma Mixed_Adenosquamous_Carcinoma Metaplastic_Carcinoma Hodgkin_Lymphoma Undifferentiated_Adenocarcinoma Adult_T_Cell_Lymphoma-Leukaemia Giant_Cell_Tumour Papilloma Hepatoblastoma Mycosis_Fungoides-Sezary_Syndrome Intestinal_Adenocarcinoma Anaplastic_Large_Cell_Lymphoma Chronic_Myeloid_Leukaemia Tubular_Adenocarcinoma T_Cell_Large_Granular_Lymphocytic_Leukaemia Bronchioloalveolar_Adenocarcinoma Signet_Ring_Adenocarcinoma Metaplasia Mixed_Carcinoma Endometrioid_Carcinoma Embryonal Alveolar Essential_Thrombocythaemia Oligodendroglioma Brenner_Tumour Peripheral_T_Cell_Lymphoma_Unspecified Astrocytoma_Grade_Iii Medullary_Carcinoma Ductal/NST Mixed Lobular Tubular/ cribriform Mucinous Medullary Other Metaplastic Sigmoid Colon Cecum Descending Colon Transverse Colon Splenic Flexure Ascending Colon Rectosigmoid Junction Rectum Hepatic Flexure None Adenosquamous Acantholytic Sarcomatoid Neurotropic Not Seen NBNC HBV HCV Adenocarcinoma, NOS Poorly differentiated pancreatic adenocarcinoma not specified Adenocarcinoma- NOS Intraductal tubulopapillary neoplasm ductal and micropapillary moderately differentiated ductal adenocarcinoma 60% + neuroendocrine 40% NEUROENDOCRINE CARCINOMA NOS Neuroendocrine 82463 NEUROENDOCRINE CARCINOMA NOS invasive adenocarcinoma invasive, well-differentiated Invasive adenocarcinoma Poorly differentiated adenocarcinoma NEUROENDOCRINE CARCINOMA Gastric Intestinal Pancreatobiliary Oncocytic Adenocarcinoma prostate with prominent ductal differentiation identified mixed Prostate Adenocarcinoma, Not Otherwised Specified, with ductal featues ductal acinar and cribriform mixed acinar & ductal Prostatic Adenocarcinoma Acinar Type Mixed with Prostatic Duct Adenocarcinoma mixed ductal and acinar mixed ductal and acinar type acinar and ductal Mixed ductal (65%) and Acinar 25-30% ductal component adenocarcinoma with focal mucinous features Conventional leiomyosarcoma Poorly differentiated or pleomorphic or epithelioid leiomyosarcoma Well-differentiated leiomyosarcoma (resembling leiomyoma) columnar cell variant Poorly Differentiated Oncocytic Carcinoma Papillary carcinoma: mixed papillary and follicular variant Papillary carcinoma, diffuse sclerosing variant Diffuse sclerosing variant cribiform morular Diffuse Sclerosing Variant Follicular Carcinoma Typical Spindle cell Dense/Diffuse Anaplasia Botryoid Mixed 80% Alveolar Solid Focal Anaplasia Classic Spindled/Sclerosing/Diffuse anaplasia Diffuse Anaplasia Endometrioid Serous Pancreatic Ductal Adenocarcinoma PDA - Adenosquamous carcinoma Intraductal Papillary Mucinous Neoplasm with invasion PDA - Undifferentiated carcinoma with osteoclast like giant cells PDAC-Clear Cell PDA - Undifferentiated carcinoma (some multinucleated but not osteoclast) PDA - Mucinous Non-cystic carcinoma PDA - Undifferentiated (anaplastic) carcinoma Small Cell Carcinoma PDA - signet ring Mucinous Cystadenocarcinoma PDA - Undifferentiated carcinoma with spindling and osteoclast like giant cells Acinar Cell Carcinoma PDA - Mixed ductal endocrine carcinoma Papillary infiltrating ductal carcinoma-mammary gland; breast Carcinosarcoma-mammary gland; breast Adenocarcinoma- mammary gland; breast; metastatic site: pleural effusion; Adenocarcinoma-mammary gland; breast; epithelial; metastatic site: pleural effusion; infiltrating ductal carcinoma ""Glioblastoma, ud"" Glial cell neoplasm ""Glioblastoma,ud"" carcinoma carcinoma-vpd Adenocarcinoma p/md Adenocarcinoma-md Adenocarcinome-pd Carcinoma-ud Adenocarcinoma-p/md adenocarcinoma-ud Large cell-ud Squamous cell carcinoma-vpd Adenocarcinoma-ud Small cell Bronchioalveolar Carcinoma Large Cell Carcinoma-ud Adenocarcinoma-vpd ALL Pro myelocytic leukemia CML ALL (cells were taken when patient was in relapse) Myeloma Lymphoma Malignant amelanotic melanoma Melanotic melanoma Malignant melanotic melanoma Ductal carcinoma- mammary gland; breast; duct; metastatic site: pleural effusion; Cystoadenocarcinoma-pd Adenocarinoma Adenocarcinoma-wd prostate; metastatic site: brain; carcinoma (patient with metastatic carcinoma of the prostate and a 3 year history of lymphocytic leukemia.) Adenocarcinoma- prostate; metastatic site: bone; Renal cell carcinoma-p/md Clear cell carcinoma hypernephroma-pd Renal cell carcinoma-pd Renal Spindle cell carcinoma Renal cell carcinoma-vpd PML-RARA RUNX1-RUNX1T1 CBFB-MYH11 Normal Karyotype Intermediate Risk Cytogenetic Abnormality MLL translocation, t(9;11) N.D. Complex Cytogenetics Poor Risk Cytogenetic Abnormality BCR-ABL1 MLL translocation, poor risk NUP98 Translocation NUP98 translocation Lung Adenocarcinoma- Not Otherwise Specified (NOS) Lung Adenocarcinoma Mixed Subtype Lung Mucinous Adenocarcinoma Lung Papillary Adenocarcinoma Mucinous (Colloid) Adenocarcinoma Lung Acinar Adenocarcinoma Lung Bronchioloalveolar Carcinoma Nonmucinous Lung Bronchioloalveolar Carcinoma Mucinous Lung Micropapillary Adenocarcinoma",0.034531078,0.283410600000001,0.073371565,NA,NA,NA
"cancer_subtype","HIST_SUBTYPE1","NA small_cell_carcinoma adenocarcinoma Burkitt_lymphoma mycosis_fungoides-Sezary_syndrome transitional_cell_carcinoma NS plasma_cell_myeloma acute_myeloid_leukaemia ductal_carcinoma hepatocellular_carcinoma squamous_cell_carcinoma astrocytoma_Grade_IV astrocytoma Hodgkin_lymphoma diffuse_large_B_cell_lymphoma clear_cell_renal_cell_carcinoma non_small_cell_carcinoma acute_lymphoblastic_T_cell_leukaemia acute_lymphoblastic_B_cell_leukaemia bronchioloalveolar_adenocarcinoma astrocytoma_Grade_III follicular_carcinoma renal_cell_carcinoma clear_cell_carcinoma hepatoblastoma small_cell_adenocarcinoma mucoepidermoid_carcinoma large_cell_carcinoma endometrioid_carcinoma carcinosarcoma-malignant_mesodermal_mixed_tumour mixed_carcinoma metaplasia diffuse_adenocarcinoma mixed_adenosquamous_carcinoma undifferentiated_carcinoma gliosarcoma tubular_adenocarcinoma chronic_myeloid_leukaemia anaplastic_large_cell_lymphoma undifferentiated_adenocarcinoma signet_ring_adenocarcinoma B_cell_lymphoma_unspecified adult_T_cell_lymphoma-leukaemia metaplastic_carcinoma granulosa_cell_tumour alveolar essential_thrombocythaemia oligodendroglioma Brenner_tumour papilloma blast_phase_chronic_myeloid_leukaemia B_cell serous_carcinoma mucinous_carcinoma anaplastic_carcinoma intestinal_adenocarcinoma immortalized_epithelial immortalized_fibroblast immortalized_embryonic_fibroblast astrocytoma_Grade_III-IV barrett_associated_adenocarcinoma mantle_cell_lymphoma embryonal medullary_carcinoma peripheral_T_cell_lymphoma_unspecified T_cell_large_granular_lymphocytic_leukaemia chronic_lymphocytic_leukaemia-small_lymphocytic_lymphoma dedifferentiated papillary_carcinoma",0.005894194,0.283410600000001,0.073371565,NA,NA,NA
"cancer_subtype","HIST_SUBTYPE2","NA NS M5 glioblastoma_multiforme anaplastic M6 M2 M7 M4 medullary papillary_transitional_cell_carcinoma papillary Ph_positive M5a squamous_cell_carcinoma L2 M3 M0",0.005894194,0.283410600000001,0.073371565,NA,NA,NA
"cancer_subtype","PREDOMINANT_HISTOLOGIC_SUBTYPE","NA Solid Acinar Papillary Micropapillary Lepidic",0.003358578,0.283410600000001,0.073371565,NA,NA,NA
"cancer_subtype","SUBTYPE_GROUP","NA Micropapillary/ Solid Acinar/ Papillary Lepidic",0.003358578,0.283410600000001,0.073371565,NA,NA,NA
"cancer_subtype","HISTOLOGY_SUBTYPE","NA Ductal Carcinoma Others Lobular Carcinoma",0.001039825,0.283410600000001,0.073371565,NA,NA,NA
"cancer_subtype","DOMINANT_HISTOLOGICAL_SUBTYPE","NA acinar micropapillary solid invasive-mucinous lepidic papillary sarcomatoid intestinal",0.000611662,0.283410600000001,0.073371565,NA,NA,NA
"cancer_type","CANCER_TYPE","Adrenocortical Carcinoma Skin Cancer, Non-Melanoma Ampullary Cancer Bladder Cancer B-Lymphoblastic Leukemia/Lymphoma Salivary Cancer Leukemia Soft Tissue Sarcoma Breast Sarcoma Bladder/Urinary Tract Cancer, NOS Breast Cancer Breast Cancer, NOS NA Invasive Breast Carcinoma Glioma Bone Cancer Prostate Cancer Esophagogastric Cancer Ovarian Cancer Renal Cell Carcinoma Thyroid Cancer Melanoma Cancer of Unknown Primary Mature B-Cell Neoplasms Non-Small Cell Lung Cancer Mesothelioma Hepatobiliary Cancer Endometrial Cancer Pancreatic Cancer Blood Cancer Colorectal Cancer NeuroblastomaÃ‚Â Small Cell Lung Cancer Embryonal Tumor T-Lymphoblastic Leukemia/Lymphoma Hodgkin Lymphoma Sellar Tumor CNS Cancer High-grade glioma/astrocytoma Low-grade glioma/astrocytoma Cervical Cancer Cervical Cancer, NOS Colorectal Adenocarcinoma Mature T and NK Neoplasms Prostate Cancer, NOS Non-Hodgkin Lymphoma Lymphoid Cancer Esophageal/Stomach Cancer, NOS Glioblastoma Multiforme Glioblastoma Head and Neck Cancer Histiocytosis Heptocellular Carcinoma Diffuse Large B-Cell Lymphoma, NOS Burkitt Lymphoma Mantle Cell Lymphoma Lymphatic Cancer, NOS Lung Adenocarcinoma Peripheral Nervous System Myelodysplastic Syndromes Myelodysplastic/Myeloproliferative Neoplasms Anal Cancer Myeloproliferative Neoplasms Blood Cancer, NOS Mastocytosis Blastic plasmacytoid dendritic cell neoplasm Uterine Sarcoma Germ Cell Tumor Biliary Tract Cancer, NOS Sex Cord Stromal Tumor Gastrointestinal Stromal Tumor Salivary Gland Cancer Gestational Trophoblastic Disease Nerve Sheath Tumor Thymic Tumor Appendiceal Cancer Small Bowel Cancer Gastrointestinal Neuroendocrine Tumor Penile Cancer Vaginal Cancer Wilms Tumor Pheochromocytoma Pineal Tumor Miscellaneous Brain Tumor Miscellaneous Neuroepithelial Tumor Retinoblastoma Choroid Plexus Tumor Sarcoma Carcinoma CNS Neuroblastoma Germ Cell Hepatoblastoma Other Pancreatic Cancer, NOS Lung cancer Medulloblastoma Intraductal Papillary Mucinous Neoplasm Acute myeloid leukemia Mature B-cell lymphoma Essential Thrombocythemia Lung Cancer Posttransplant Lymphoproliferative Disorders Uterine Endometrioid Carcinoma Prostate Adenocarcinoma Bone Adrenocortical carcinoma Soft Tissue Cancer, NOS Esophagogastric Carcinoma Stomach Adenocarcinoma Rhabdoid Cancer Endometrial Carcinoma Hemophagocytic Lymphohistiocytosis Biliary Tract Cholangiocarcinoma Non-Small Cell Lung Lung Cancer, NOS Ovarian/Fallopian Tube Cancer, NOS Kidney Cancer, NOS Thyroid Cancer, NOS Pleural Cancer, NOS Vulvar/Vaginal Cancer, NOS Ampullary Carcinoma Adrenocortical Adenoma Combined Small Cell Lung Carcinoma Renal Non-Clear Cell Carcinoma Renal Clear Cell Carcinoma Pleural Mesothelioma Ovarian Epithelial Tumor Seminoma Non-Seminomatous Germ Cell Tumor Thymic Epithelial Tumor Blastic Plasmacytoid Dendritic Cell Neoplasm Ocular Melanoma Colorectal Carcinoma Liver Hepatocellular Carcinoma Carcinoma of Uterine Cervix Urothelial Carcinoma Kidney Renal Cell Carcinoma Ovarian Carcinoma Gastric Cancer Breast Carcinoma Extrahepatic Cholangiocarcinoma Bone Sarcoma Esophageal Carcinoma Head and Neck Carcinoma Intrahepatic Cholangiocarcinoma Uterine Corpus Endometrial Carcinoma Non Small Cell Lung Cancer Gallbladder Carcinoma Small Bowel Carcinoma Thyroid Carcinoma Lung Squamous Cell Carcinoma Large Cell Lung Carcinoma Breast Invasive Ductal Carcinoma Breast Invasive Carcinoma, NOS Fibrosarcoma Renal cancer Ovarian Germ Cell Tumor Lymphoid Neoplasm Liver Tumor Nested stromal epithelial tumor of the liver Brain Cancer Hodgkin Lymphoma-like PTLD Soft Tissue Tumor Diffuse Glioma Cutaneous malignancy of hair matrix cells Ependymomal Tumor Encapsulated Glioma Salivary Gland-Type Tumor of the Lung Adrenal Tumor Non-Germinomatous Germ Cell Tumor Head and Neck Cancer, NOS Mucinous Adenocarcinoma Lymph Node Teratoma with Malignant Transformation Bowel Cancer, NOS Adenosarcoma Large Cell Neuroendocrine Carcinoma Lung Neuroendocrine Tumor Paraganglioma Adenocarcinoma of Gallbladder Small Cell Carcinoma of Gallbladder Carcinoma with Squamous Differentiation Poorly Differentiated NEC Meningioma Peritoneal Cancer, NOS",0.966497626,0.967176,0.000678374000000037,198,161,0.813131313131313
"cancer_type","CANCER_IDENTIFICATION_IDC","NA QUESTION_LEFT_BLANK PARTICIPANT_DID_NOT_SUBMIT_SURVEY TRUE FALSE DON'T_KNOW",0.002107452,0.967176,0.000678374000000037,NA,NA,NA
"cancer_type","CANCER_IDENTIFICATION_ILC","NA QUESTION_LEFT_BLANK PARTICIPANT_DID_NOT_SUBMIT_SURVEY FALSE DON'T_KNOW TRUE",0.002107452,0.967176,0.000678374000000037,NA,NA,NA
"cancer_type","CANCER_IDENTIFICATION_MIDLC","NA QUESTION_LEFT_BLANK PARTICIPANT_DID_NOT_SUBMIT_SURVEY FALSE TRUE DON'T_KNOW",0.002107452,0.967176,0.000678374000000037,NA,NA,NA
"cancer_type","INCIDENTAL_PROSTATE_CANCER","NA INCIDENTAL PROSTATE CANCER",0.001112112,0.967176,0.000678374000000037,NA,NA,NA
"cancer_type","PATHOLOGICAL_DIAGNOSIS","NA Squamous cell carcinoma Classical HCA HCC on HCA HCA/HCC Benign insulinoma",0.001084309,0.967176,0.000678374000000037,NA,NA,NA
"cancer_type","HISTOLOGY_DIAGNOSIS","NA Pancreatic Ductal Adenocarcinoma Adenosquamous Carcinoma",0.000778478,0.967176,0.000678374000000037,NA,NA,NA
"cancer_type","CANCER.TYPE","NA Breast Cancer",0.000678388,0.967176,0.000678374000000037,NA,NA,NA
"cancer_type","PRIMARY_DIAGNOSIS","NA Melanoma Not Melanoma",0.000628343,0.967176,0.000678374000000037,NA,NA,NA
"specimen_type","SAMPLE_TYPE","Primary NA Recurrence Metastasis Recurrent Unknown Tumor Primary First Recurrence Third Recurrence Second Recurrence Fourth recurrence Met Local Recurrence Cell line Relapse Unknown_Tumor Unknown Tumor Benign_Neoplasia Paired Primary Tumor Paired Cell Line Primary Tumor Unpaired Cell Line primary metastasis Biopsy Resection Metastatic Primary Tumour",0.639091849,0.6398036,0.000711750999999983,80,65,0.8125
"specimen_type","SPECIMEN_TYPE","NA Regional cutaneous or subcutaneous metastasis Distant metastasis: s.c. Distant metastasis Regional lymph node metastasis unknown Distant metastasis: lung Biopsy Resection Cytology #N/A CUSA Surgery Biopsy/Paracentesis Tissue NOS TURBT Cystectomy",0.124589909,0.6398036,0.000711750999999983,NA,NA,NA
"specimen_type","SAMPLE_TYPE_DETAIL","NA Localized Recurrence/persistent metastasic tumor to lymph node Primary (residual) Primary Esophagus Lymph Node Liver Lung Omentum Pre-Tx Post-Tx Resection Brain Manubrium Astomosis Recurrence Pleural Fluid Peritoneum Esophageal LN Ovary Adrenal Gland Soft Tissue Abdominal Wall Skin Abdomen Paraspil Mass Colon Spine Jejunum Thigh Unknown Adrenal Muscle Diaphragm Arm",0.002841446,0.6398036,0.000711750999999983,NA,NA,NA
"disease","MDS_TYPE","NA s_t_MDS primary",0.017443477,0.05809673,0.040653253,233,193,0.828326180257511
"disease","DISEASE_EXTENT","NA Locoregional & Distant Distant Locoregional Locally advanced Distant Mets Locoregional recurrence Locoregional and distant recurrence Regional recurrence Metastatic hormone-sensitive Metastatic castration-resistant Localized Regional nodes Non-metastatic castration-resistant Metastatic, variant histology",0.014674318,0.05809673,0.040653253,NA,NA,NA
"disease","DIAGNOSIS","NA Adenocarcinoma Multiple Myeloma Smoldering Myeloma MGUS Non-Myeloma diseases Acinar cell carcinoma Mixed Acinar-Ductal Carcinoma Mixed Acinar-Neuroendocrine Carcinoma Acinar Cell Carcinoma Pancreatoblastoma DLBCL Neuroblastoma Ganglioneuroblastoma, nodular Unknown Ganglioneuroblastoma, intermixed Ganglioneuroma, maturing subtype OR Ganglioneuroblastoma, well differentiated Carcinoma Small Cell Thymoma Thymic Carcinoma Acute Myeloid Leukaemia (AML) and Related Precursor Neoplasms Acute Leukaemias of Ambiguous Lineage Myelodysplastic Syndromes Myelodysplastic/Myeloproliferative Neoplasms Myeloproliferative Neoplasms Mature B-Cell Neoplasms",0.012155384,0.05809673,0.040653253,NA,NA,NA
"disease","DIAGNOSIS_AT_INCLUSION","NA Acute Myeloid Leukaemia (AML) and Related Precursor Neoplasms Myeloproliferative Neoplasms Myelodysplastic/Myeloproliferative Neoplasms Acute Leukaemias of Ambiguous Lineage Myelodysplastic Syndromes Mature B-Cell Neoplasms",0.003736696,0.05809673,0.040653253,NA,NA,NA
"disease","WHO_CLASS","NA Refractory Anemia Refractory Cytopenia With Multilineage Dysplasia Mds With Isolated Del(5Q) Refractory Anemia With Excess Blasts-1 Refractory Anemia With Excess Blasts-2 Acute Myeloid Leukemia With Myelodysplasia Related Changes Chronic Myelomonocytic Leukemia 1 Chronic Myelomonocytic Leukemia 2 Poorly_Cohesive Tubular Mucinous Papillary Mixed Glioblastoma, IDH-wildtype Gliosarcoma, IDH-wildtype Diffuse midline glioma, H3K27M mutant Glioblastoma with primitive neuronal component, IDH-wildtype Glioblastoma, IDH-wildtpye Glioblastoma, IDH-mutant Anaplastic oligodendroglioma, IDH-mutant and 1p/19q co-deleted B3 TC:SCC AB B2 A TC: Undifferenziated TC: Undiferentiated TC: Undifferentiated TC:NEC TC:Undifferentiated B1 HPV+ scc I or II EBER+ III EBER+ - likely II EBER+ II",0.003736696,0.05809673,0.040653253,NA,NA,NA
"disease","SPECIFIC_DIAGNOSIS_AT_ACQUISITION","NA AML with mutated NPM1 Acute myelomonocytic leukaemia AML with minimal differentiation Acute monoblastic and monocytic leukaemia Acute myeloid leukaemia, NOS unknown Therapy-related myeloid neoplasms AML with myelodysplasia-related changes AML with inv(16)(p13.1q22) or t(16;16)(p13.1;q22); CBFB-MYH11 AML with maturation AML with t(6;9)(p23;q34); DEK-NUP214 AML with t(8;21)(q22;q22); RUNX1-RUNX1T1 AML with mutated CEBPA Mixed phenotype acute leukaemia, T/myeloid, NOS Acute promyelocytic leukaemia with t(15;17)(q22;q12); PML-RARA AML with t(9;11)(p22;q23); MLLT3-MLL AML with inv(3)(q21q26.2) or t(3;3)(q21;q26.2); RPN1-EVI1 Refractory anaemia with excess blasts Acute erythroid leukaemia Myelodysplastic syndrome, unclassifiable Atypical chronic myeloid leukaemia, BCR-ABL1 negative Acute undifferentiated leukaemia Blastic plasmacytoid dendritic cell neoplasm AML without maturation Essential thrombocythaemia Myeloid sarcoma Acute megakaryoblastic leukaemia Refractory cytopenia with multilineage dysplasia Myelodysplastic syndrome associated with isolated del(5q) Myeloid leukaemia associated with Down syndrome Chronic myelomonocytic leukaemia Myelodysplastic/myeloproliferative neoplasm, unclassifiable Plasma cell myeloma Primary myelofibrosis",0.003736696,0.05809673,0.040653253,NA,NA,NA
"disease","SPECIFIC_DIAGNOSIS_AT_INCLUSION","NA AML with mutated NPM1 Acute myelomonocytic leukaemia AML with minimal differentiation Mastocytosis Acute monoblastic and monocytic leukaemia Chronic myelomonocytic leukaemia Acute myeloid leukaemia, NOS unknown Therapy-related myeloid neoplasms AML with myelodysplasia-related changes AML with inv(16)(p13.1q22) or t(16;16)(p13.1;q22); CBFB-MYH11 AML with maturation AML with t(6;9)(p23;q34); DEK-NUP214 AML with t(8;21)(q22;q22); RUNX1-RUNX1T1 AML with mutated CEBPA Mixed phenotype acute leukaemia, T/myeloid, NOS Acute promyelocytic leukaemia with t(15;17)(q22;q12); PML-RARA AML with t(9;11)(p22;q23); MLLT3-MLL Secondary myelofibrosis AML with inv(3)(q21q26.2) or t(3;3)(q21;q26.2); RPN1-EVI1 Refractory anaemia with excess blasts Acute erythroid leukaemia Myelodysplastic syndrome, unclassifiable Atypical chronic myeloid leukaemia, BCR-ABL1 negative Acute undifferentiated leukaemia Blastic plasmacytoid dendritic cell neoplasm AML without maturation Essential thrombocythaemia Myeloid sarcoma Unknown Acute megakaryoblastic leukaemia Refractory cytopenia with multilineage dysplasia Myelodysplastic syndrome associated with isolated del(5q) Myeloid leukaemia associated with Down syndrome Primary myelofibrosis Myelodysplastic/myeloproliferative neoplasm, unclassifiable Plasma cell myeloma",0.003736696,0.05809673,0.040653253,NA,NA,NA
"disease","WHO_CLASSIFICATION","NA Glioblastoma, IDH-wildtype Glioblastoma, IDH-mutant Diffuse Astrocytoma, IDH-mutant Anaplastic Astrocytoma, IDH-wildtype Anaplastic Astrocytoma, IDH-mutant Oligodendroglioma, IDH-mutant and 1p/19q-codeleted Anaplastic Oligodendroglioma, IDH-mutant and 1p/19q-codeleted",0.002307632,0.05809673,0.040653253,NA,NA,NA
"disease","DISEASE","NA MDS AML Relapsed_AML NSCLC",0.002124134,0.05809673,0.040653253,NA,NA,NA
"disease","DISEASE_ONTOLOGY","NA lung_cancer Burkitts lymphoma sezary_syndrome bladder_cancer myeloma ductal_carcinoma Ewings_sarcoma colon_cancer hepatocellular_cancer well differentiated invasive eosphageal squamous cell carcinoma neuroblastoma intermediately differentiated adenocarcinoma fibrosarcoma_cancer clear_cell_carcinoma lymphoma mycosis_fungoides breast_cancer invasive_ductal_carcinoma skin_cancer Pancreatic Cancer brain_cancer multiple_myeloma malignant_papillary_serous_adenocarcinoma Ovarian Cancer ovarian_cancer Colon Cancer melanoma recurrent_endometrial_carcinoma Endometrial Cancer Brain Cancer large_cell_lung_cancer gastric_cancer erythroleukemia acute_monocytic_leukemia Lung Cancer undifferentiated B lymphoma renal_cell_carcinoma bronchioalveolar_carcinoma; non-small_cell lung_cancer neuroepithelioma cutaneous T cell lymphoma germinal center B-cell-like (GCB) DLBCL Ewing family tumor bone_cancer transitional_cell_carcinoma rhabdoid_tumour metaplastic_breast_carcinoma osteosarcoma head_neck_cancer pleomorphic hepatocellular carcinoma kidney_cancer moderately differentiated tubular adenocarcinoma well differentiated endometrial adenocarcinoma CD30+_anaplastic_large_cell_lymphoma ovarian_carcinoma Skin Cancer Down syndrome; acute megakaryoblastic leukaemia medulloblastoma small_cell_carcinoma T-ALL malignant_melanoma papillary_adenocarcinoma poorly_differentiated_gastric carcinoma non_small_cell_lung_cancer rectum; adenocarcinoma; well differentiated rhabdomyosarcoma histiocytic_lymphoma liver_cancer leukaemia prostate_cancer metastatic_ovarian_cancer pancreatic_cancer Multiple Myeloma colon_carcinoma non-Hodgkins lymphoma colon_carcinoma and melanoma colorectal_cancer renal_leiomyoblastoma acute myelogenous leukemia M5a Breast Cancer breast_adenocarcinoma thyroid_squamous_cell_carcinoma endometrioid_carcinoma Kidney Cancer Leukemia Esophageal Cancer mantle_cell_lymphoma anaplastic_large_cell_lymphoma medulla_carcinoma TALL acute lymphoblastic leukemia diffuse_histiocytic_lymphoma b_cell_non_hodgkin_lymphoma chondrosarcoma B-prolymphocytic_leukemia plasma_cell_leukemia B-cell non-Hodgkin lymphoma diffuse large cell lymphoma non-cleaved type oesophageal squamous cell carcinoma stomach cancer",0.001846106,0.05809673,0.040653253,NA,NA,NA
"disease","INITIAL_DIAGNOSIS_TYPE","NA Initial CNS Tumor Initial CNS Tumor (Last Initial) Second Malignancy (first HGG record) Progressive (first HGG record) Second Malignancy Initial CNS Tumor (first HGG record) Recurrence (first HGG record) Initial CNS Tumor (New location)",0.001212202,0.05809673,0.040653253,NA,NA,NA
"disease","DISEASE_CODE","NA FPPP CRPC-NE CRPC-Adeno",0.00089525,0.05809673,0.040653253,NA,NA,NA
"disease","RESIDUAL_NODAL_DISEASE","NA RESIDUAL NODAL DISEASE",0.000700631,0.05809673,0.040653253,NA,NA,NA
"disease","HYPERTENSION_DIAGNOSIS","NA HYPERTENSION DIAGNOSIS",0.000583859,0.05809673,0.040653253,NA,NA,NA
"disease","CNS_DISEASE","NA CNS DISEASE",0.000339194,0.05809673,0.040653253,NA,NA,NA
"disease","DIABETES_DIAGNOSIS_INDICATOR","NA DIABETES DIAGNOSIS INDICATOR",0.000328073,0.05809673,0.040653253,NA,NA,NA
"disease","MDSMPN_DIAGNOSIS_AT_ACQUISITION","NA MDSMPN DIAGNOSIS AT ACQUISITION",0.000122332,0.05809673,0.040653253,NA,NA,NA
"disease","FATTY_LIVER_DISEASE","NA FATTY LIVER DISEASE",5e-05,0.05809673,0.040653253,NA,NA,NA
"disease","NON_AML_MDSMPN_DIAGNOSIS_AT_ACQUISITION","NA NON AML MDSMPN DIAGNOSIS AT ACQUISITION",2.22e-05,0.05809673,0.040653253,NA,NA,NA
"metastasis","RECURRENT_METASTATIC_DISEASE","NA RECURRENT METASTATIC DISEASE",0.005087912,0.005510515,0.000422603,4,3,0.75
"metastasis","METASTATIC_DISEASE_CONFIRMED","NA METASTATIC DISEASE CONFIRMED",0.000328073,0.005510515,0.000422603,NA,NA,NA
"metastasis","METASTATIC_DISEASE","NA METASTATIC DISEASE",9.45e-05,0.005510515,0.000422603,NA,NA,NA
"acronym","CANCER_TYPE_ACRONYM","NA ACC BLCA BRCA CESC READ COAD CHOL DLBC ESCA GBM HNSC KICH KIRC KIRP LAML LGG LIHC LUAD LUSC MESO OV PAAD PCPG PRAD SARC SKCM STAD TGCT THCA THYM UCEC UCS UVM",0.060982662,0.06632636,0.005343698,51,50,0.980392156862745
"acronym","ONCOTREE_CODE_CANCER_TYPE","NA BLL TLL AML ATRT HGGNOS EPM ES LIHB MBL NBL OS RBL RMS WT ACC NHL EMBT PAST",0.005343698,0.06632636,0.005343698,NA,NA,NA
"cancer_type_detailed","CANCER_TYPE_DETAILED","Adrenocortical Carcinoma Skin Cancer, Non-Melanoma Ampullary Carcinoma Bladder Urothelial Carcinoma B-Lymphoblastic Leukemia/Lymphoma Adenoid Cystic Carcinoma Acute Lymphoid Leukemia Angiosarcoma Acute Myeloid Leukemia Benign Phyllodes Tumor of the Breast Borderline Phyllodes Tumor of the Breast Malignant Phyllodes Tumor of the Breast Bladder/Urinary Tract Breast Invasive Ductal Carcinoma Breast Mixed Ductal and Lobular Carcinoma Breast Breast Invasive Mixed Mucinous Carcinoma Breast Invasive Lobular Carcinoma Paget Disease of the Nipple Adenoid Cystic Breast Cancer Invasive Breast Carcinoma Basal Cell Carcinoma NA Metaplastic Breast Cancer Solid Papillary Carcinoma of the Breast Breast Invasive Carcinoma, NOS Invasive Breast Cancer Infiltrating Ductal Carcinoma Ductal Carcinoma In Situ (DCIS) Mucinous Carcinoma Infiltrating Tubular Carcinoma Mixed Carcinoma Infiltrating Lobular Carcinoma Medullary Breast Carcinoma Glioblastoma Multiforme Osteosarcoma Prostate Adenocarcinoma Esophageal Squamous Cell Carcinoma Ovarian Carcinosarcoma/Malignant Mixed Mesodermal Tumor Acute Undifferentiated Leukemia Renal Clear Cell Carcinoma Poorly Differentiated Thyroid Cancer Cutaneous Melanoma Embryonal Rhabdomyosarcoma Mixed Cancer Types Diffuse Large B-Cell Lymphoma, NOS Non-Small Cell Lung Cancer Ewing Sarcoma Pleural Mesothelioma, Epithelioid Type Hepatocellular Carcinoma Plasma Cell Myeloma Endometrial Carcinoma Pancreatic Adenocarcinoma Esophageal Poorly Differentiated Carcinoma Burkitt Lymphoma Chronic Myelogenous Leukemia Colorectal Adenocarcinoma Chondrosarcoma Peripheral Nervous System Small Cell Lung Cancer Esophageal Adenocarcinoma Medulloblastoma T-Lymphoblastic Leukemia/Lymphoma Hodgkin Lymphoma Extrahepatic Cholangiocarcinoma Breast Angiosarcoma Breast Invasive Carcinoma Atypical Teratoid/Rhabdoid Tumor Craniopharyngioma, Adamantinomatous Type Ependymomal Tumor Ganglioglioma Pediatric High Grade Gliomas Pediatric Low Grade Gliomas Cervical Squamous Cell Carcinoma Endocervical Adenocarcinoma Cervical Adenosquamous Carcinoma Cervical Endometrioid Carcinoma Cervix Colon Adenocarcinoma Mucinous Adenocarcinoma of the Colon and Rectum Rectal Adenocarcinoma Intrahepatic Cholangiocarcinoma Cholangiocarcinoma Cutaneous Squamous Cell Carcinoma Sezary Syndrome Primary Cutaneous CD8 Positive Aggressive Epidermotropic Cytotoxic T-Cell Lymphoma Mycosis Fungoides Primary Cutaneous CD30 Positive T-Cell Lymphoproliferative Disorders Chronic Lymphocytic Leukemia/Small Lymphocytic Lymphoma Monoclonal B-Cell Lymphocytosis Prostate Diffuse Large B-Cell Lymphoma Mature B-Cell Neoplasms Esophagus/Stomach Desmoplastic Melanoma Gallbladder Cancer Glioblastoma Diffuse Glioma Diffuse Astrocytoma Anaplastic Astrocytoma Oligodendroglioma Anaplastic Oligodendroglioma Chromophobe Renal Cell Carcinoma Head and Neck Squamous Cell Carcinoma Papillary Renal Cell Carcinoma Chromophobe Renal Cell CarcinomaÃ‚Â Head and Neck Squamous Cell CarcinomaÃƒÅ Hepatocellular Adenoma Histiocytic and Dendritic Cell Neoplasms Oligoastrocytoma Anaplastic Oligoastrocytoma Astrocytoma Hepatocellular Carcinoma plus Intrahepatic Cholangiocarcinoma Fibrolamellar Carcinoma Liver Cancer, NOS Lung Adenocarcinoma Lung Squamous Cell Carcinoma Heptocellular Carcinoma Non-Hodgkin Lymphoma Anaplastic Large Cell Lymphoma Lymphoid Pleural Mesothelioma Pleural Mesothelioma, Biphasic Type Pleural Mesothelioma, Sarcomatoid Type Neuroblastoma Mantle Cell Lymphoma Myelodysplastic Syndromes Chronic Myelomonocytic Leukemia Acral Melanoma Melanoma Anal Squamous Cell Carcinoma Oropharynx Squamous Cell Carcinoma Sinonasal Squamous Cell Carcinoma Oral Cavity Squamous Cell Carcinoma Larynx Squamous Cell Carcinoma Melanoma of Unknown Primary Lentigo Maligna Melanoma Uveal Melanoma Leiomyosarcoma Myeloproliferative Neoplasms Myeloid Neoplasm High-Grade B-Cell Lymphoma, with MYC and BCL2 and/or BCL6 Rearrangements Follicular Lymphoma High-Grade B-Cell Lymphoma, NOS Marginal Zone Lymphoma AML with mutated NPM1 Acute myelomonocytic leukemia AML with minimal differentiation Mastocytosis AML, NOS AML with t(6;9)(p23;q34.1);DEK-NUP214 AML with Biallelic Mutations of CEBPA AML with myelodysplasia-related changes AML with inv(16)(p13.1q22) or t(16;16)(p13.1;q22); CBFB-MYH11 AML with maturation APL with PML-RARA AML with t(8;21)(q22;q22.1);RUNX1-RUNX1T1 Therapy-related myeloid neoplasms Acute monoblastic/monocytic leukemia AML with t(9;11)(p22;q23); MLLT3-MLL AML with inv(3)(q21.3q26.2) or t(3;3)(q21.3;q26.2); GATA2, MECOM MDS with Excess Blasts Pure Erythroid Leukemia MDS, Unclassifiable Mixed Phenotype Acute Leukemia, T/Myeloid, NOS Atypical Chronic Myeloid Leukemia, BCR-ABL1- Acute undifferentiated leukaemia Blastic plasmacytoid dendritic cell neoplasm AML without maturation Essential thrombocythemia Acute megakaryoblastic leukemia MDS with Multilineage Dysplasia MDS with isolated del(5q) Myeloid sarcoma Myeloid Leukemia Associated with Down Syndrome Primary myelofibrosis AML with Myelodysplasia-Related Changes Polycythemia Vera Mixed Phenotype Acute Leukemia, B/Myeloid, NOS Therapy-Related Myelodysplastic Syndrome Essential Thrombocythemia MDS with excess blasts-2 Polycythaemia Vera Myelofibrosis Primary Myelofibrosis,Overt Fibrotic Stage MDS with Ring Sideroblasts and Multilineage Dysplasia MDS with excess blasts-1 MDS with Single Lineage Dysplasia MDS with Ring Sideroblasts and Single Lineage Dysplasia AML with inv(16)(p13.1q22) or t(16;16)(p13.1;q22);CBFB-MYH11 MDS with Ring Sideroblasts Chronic Myeloid Leukemia, BCR-ABL1+ AML with Mutated RUNX1 Essential Thrombocythemia Myelofibrosis Acute Leukemias of Ambiguous Lineage Myelodysplastic/Myeloproliferative Neoplasms MDS/MPN with Ring Sideroblasts and Thrombocytosis MDSMPN Peritoneal Mesothelioma Other Uterine Tumor Bladder Adenocarcinoma Esophagogastric Adenocarcinoma Clear Cell Borderline Ovarian Tumor Endometrial Stromal Sarcoma Choriocarcinoma Atypical Lung Carcinoid Biliary Tract Fibrothecoma Colon Adenocarcinoma In Situ Combined Small Cell Lung Carcinoma Gastrointestinal Stromal Tumor Cervical Adenocarcinoma Intraductal Papillary Mucinous Neoplasm Oncocytic Adenoma of the Thyroid Salivary Carcinoma Anal Gland Adenocarcinoma Head and Neck Carcinoma, Other Aggressive Digital Papillary Adenocarcinoma Clear Cell Papillary Renal Cell Carcinoma Acinar Cell Carcinoma, NOS Epithelioid Trophoblastic Tumor Cellular Schwannoma Chondroblastoma Thymic Carcinoma Appendiceal Adenocarcinoma Chordoma Duodenal Adenocarcinoma Well-Differentiated Neuroendocrine Tumor of the Appendix Meningothelial Tumor Basaloid Penile Squamous Cell Carcinoma Vaginal Adenocarcinoma Large Cell/Anaplastic Medulloblastoma Wilms' Tumor Pheochromocytoma Pineoblastoma High-Grade Neuroepithelial Tumor Angiocentric Glioma Retinoblastoma Renal Non-Clear Cell Carcinoma Atypical Choroid Plexus Papilloma High-Grade Serous Ovarian Cancer Unclassified Renal Cell Carcinoma High-Grade Neuroendocrine Carcinoma of the Colon and Rectum Adenocarcinoma of the Gastroesophageal Junction Uterine Endometrioid Carcinoma Stomach Adenocarcinoma Desmoplastic Small-Round-Cell Tumor CLEAR CELL ADENOCARCINOMA Spindle Cell/Sclerosing Rhabdomyosarcoma Epithelioid Sarcoma Wilms Tumor RENAL CELL CARCINOMA Yolk Sac Tumor SMALL ROUND BLUE CELL TUMOR GanglioNeuroblastoma Myxopapillary Ependymoma Hepatoblastoma Anaplastic oligodendroglioma Sarcoma, NOS Medullary Thyroid Cancer Fibrolamellar Hepatocelluar Carcinoma Neuroendocrine tumor SCC head and neck Undifferentiated Sarcoma Mesenchymal Chondrosarcoma Acinar Cell Carcinoma Ependymoma Papillary Thyroid Cancer Neuroepithelial Tumor Anaplastic Pleomorphic Xanthoastrocytoma Malignant Peripheral Nerve Sheath Tumor Alveolar Rhabdomyosarcoma Immature Teratoma Rosette-forming Glioneuronal Tumor of the Fourth Ventricle Renal Cell Carcinoma Infantile Myofibroma Undifferentiated Carcinoma Diffuse Intrinsic Pontine Glioma Germ Cell Tumor Inflammatory Myofibroblastic Tumor Pilocytic Astrocytoma Pancreatoblastoma SCHMINKE TUMOR/LYMPHOEPITHELIAL CARCINOMA Glioma ROUND CELL SARCOMA, NOS Ovarian Fibrothecoma Rhabdomyosarcoma SUPERFICIAL SPREADING MELANOMA Mature Teratoma BREAST INVASIVE CARCINOMA (BRCA) Juvenile Granulosa Cell Tumor Infantile Fibrosarcoma Spindle cell sarcoma cervicomedullary Hemangioblastoma Cancer of Unknown Primary RETINOBLASTOMA OVARIAN EPITHELIAL CARCINOMA (OVCA) NEUROENDOCRINE CARCINOMA Synovial Sarcoma Craniopharyngioma Dysgerminoma Optic Pathway Glioma Ewing-like sarcoma Renal Medullary Carcinoma Rhabdoid Tumor MESENCHYMAL NEOPLASM HEMANGIOMA PROXIMAL-TYPE EPITHELIOID SARCOMA (PTES) PLEUROPULMONARY BLASTOMA (PPB) Poorly Differentiated Carcinoma Central Neurocytoma Ganglioneuroma Wilms tumor MIXED GERM CELL TUMOR Alveolar Soft Part Sarcoma Sclerosing Rhabdomyosarcoma Teratoma Germ cell tumor Desmoid Fibromatosis Liposarcoma Dysembryoplastic Neuroepithelial Tumor Diffuse Midline Glioma Myoepithelial Carcinoma Epithelioid Mesothelioma Dermatofibrosarcoma Protuberans Sertoli-Leydig Cell Tumor Myxoid liposarcoma Carcinoid Tumor Castleman's Disease Atypical Granular Cell Tumor Neurocutaneous Melanocytosis Anaplastic astrocytoma Lipofibromatosis-like Neural tumor Glioneuronal Tumor Atypical Spindled and Epithelioid Melanocytic Proliferation Peripheral Medulloepithelioma Epithelioid cell tumor Diffuse Leptomeningeal Glioneuronal Tumor PERIPHERAL NEUROECTODERMAL TUMOR Epithelioid Fibrosarcoma Nasopharyngeal Carcinoma Adenocarcinoma CNS Embryonal tumor, NOS Meningioma Pilomyxoid astrocytoma Anaplastic ependymoma Serous Ovarian Cancer Pancreatic Neuroendocrine Tumor Undifferentiated Carcinoma of the Pancreas Pancreas Acinar Cell Carcinoma of the Pancreas Prostate Neuroendocrine Carcinoma Castration-Resistant Prostate Cancer Serous Cystadenoma of the Pancreas Mucinous Cystic Neoplasm Solid Pseudopapillary Neoplasm of the Pancreas Lung Adenosquamous Carcinoma Large Cell Lung Carcinoma Large Cell Neuroendocrine Carcinoma Bladder Squamous Cell Carcinoma Ovarian Epithelial Tumor Mucinous Stomach Adenocarcinoma Papillary Stomach Adenocarcinoma Diffuse Type Stomach Adenocarcinoma Intestinal Type Stomach Adenocarcinoma Tubular Stomach Adenocarcinoma Follicular Thyroid Cancer Desmoplastic/Nodular Medulloblastoma Adenosquamous Carcinoma of the Pancreas Acute myeloid leukemia Adamantinoma Fibroblastic Osteosarcoma Osteoblastic Osteosarcoma Myxoid Chondrosarcoma Follicular lymphoma Nodal Marginal Zone Lymphoma Burkitt lymphoma Diffse large B-cell lymphoma Polycythemia vera Intracholecystic Papillary Neoplasm Lung Adenocarcinoma In Situ Ciliated Muconodular Papillary Tumor of the Lung Posttransplant Lymphoproliferative Disorders Primary Mediastinal (Thymic) Large B-Cell Lymphoma Uterine Serous Carcinoma/Uterine Papillary Serous Carcinoma Hepatocellular carcinoma Miscellaneous Neuroepithelial Tumor Paraganglioma Acute myeloid leukemias Atypical teratoid/rhabdoid tumor High-Grade Glioma, NOS Ewing's sarcoma Wilms' tumors Adrenocortical carcinoma Embryonal Tumor Pilocytic astrocytoma Dedifferentiated Liposarcoma Undifferentiated Pleomorphic Sarcoma/Malignant Fibrous Histiocytoma/High-Grade Spindle Cell Sarcoma Soft Tissue Myxofibrosarcoma Pleomorphic Liposarcoma Desmoid/Aggressive Fibromatosis Soft Tissue Sarcoma Signet Ring Cell Carcinoma of the Stomach Non-Seminomatous Germ Cell Tumor Seminoma Non-Seminomatous Germ Cell Tumo Embryonal Carcinoma Thymoma Thyroid Cancer, NOS Well-Differentiated Thyroid Cancer Uterine Carcinosarcoma/Uterine Malignant Mixed Mullerian Tumor Small Cell Carcinoma of the Ovary Esophagogastric Cancer Upper Tract Urothelial Carcinoma Uterine Leiomyosarcoma Rhabdoid Cancer Uterine Clear Cell Carcinoma Squamous Cell Carcinoma of the Vulva/Vagina Histiocytic Sarcoma Mature T and NK Neoplasms Hemophagocytic Lymphohistiocytosis Perihilar Cholangiocarcinoma CNS/Brain Ovary/Fallopian Tube Fibrosarcoma Lung Giant Cell Tumor of Bone Mucinous Ovarian Cancer Clear Cell Ovarian Cancer Small Cell Carcinoma of the Stomach Mucoepidermoid Carcinoma Endometrioid Ovarian Cancer Mixed Ovarian Carcinoma Gliosarcoma Adenosquamous Carcinoma of the Stomach Undifferentiated Stomach Adenocarcinoma Adult T-Cell Leukemia/Lymphoma Uterine Sarcoma/Mesenchymal Hypopharynx Squamous Cell Carcinoma Granulosa Cell Tumor Mucoepidermoid Carcinoma of the Lung Gallbladder Adenocarcinoma, NOS Brenner Tumor Prostate Small Cell Carcinoma Small Intestinal Carcinoma Low-Grade Serous Ovarian Cancer Anaplastic Thyroid Cancer Kidney Thyroid Peripheral T-Cell lymphoma, NOS T-Cell Large Granular Lymphocytic Leukemia Lung Carcinoid Merkel Cell Carcinoma Hairy Cell Leukemia Natural Killer (NK) Cell Lymphoblastic Leukemia/Lymphoma Pleura Primitive Neuroectodermal Tumor Small Cell Carcinoma of the Cervix Ovarian Germ Cell Tumor Vulva/Vagina Well-Differentiated Liposarcoma Lymphoid Neoplasm Primary Effusion Lymphoma Thymic Epithelial Tumor Anaplastic Thyroid Carcinoma Poorly Differentiated Thyroid Carcinoma Urachal Carcinoma Urethral Adenocarcinoma Small Bowel Well-Differentiated Neuroendocrine Tumor Small Bowel Cancer Urethral Urothelial Carcinoma Inflammatory Breast Cancer Extramammary Paget Disease Salivary Duct Carcinoma Uterine Undifferentiated Carcinoma Mixed Germ Cell Tumor Uterine Perivascular Epithelioid Cell Tumor Gastric Type Mucinous Carcinoma Testicular Mesothelioma Breast Invasive Cancer, NOS Uterine Mixed Endometrial Carcinoma Urethral Squamous Cell Carcinoma Clear Cell Odontogenic Carcinoma Acinic Cell Carcinoma Ossifying Fibromyxoid Tumor Solitary Fibrous Tumor/Hemangiopericytoma Skin Adnexal Carcinoma Plasmacytoid/Signet Ring Cell Bladder Carcinoma Anaplastic Ependymoma Sweat Gland Carcinoma/Apocrine Eccrine Carcinoma Follicular Dendritic Cell Sarcoma Sex Cord Stromal Tumor Intimal Sarcoma Myxoid/Round-Cell Liposarcoma Chondroblastic Osteosarcoma Clear Cell Sarcoma Uterine Neuroendocrine Carcinoma Erdheim-Chester Disease Hurthle Cell Thyroid Cancer Mucinous Adenocarcinoma of the Appendix Anorectal Mucosal Melanoma Gastrointestinal Neuroendocrine Tumors Well-Differentiated Neuroendocrine Tumors of the Stomach Small Cell Osteosarcoma Penile Squamous Cell Carcinoma Translocation-Associated Renal Cell Carcinoma Spindle Cell Rhabdomyosarcoma Uterine Smooth Muscle Tumor of Uncertain Malignant Potential High-Grade Endometrial Stromal Sarcoma Mucosal Melanoma of the Vulva/Vagina Hemangiopericytoma of the Central Nervous System Poorly Differentiated Non-Small Cell Lung Cancer Renal Angiomyolipoma Perivascular Epithelioid Cell Tumor Sarcomatoid Carcinoma of the Lung Head and Neck Squamous Cell Carcinoma of Unknown Primary Low-Grade Fibromyxoid Sarcoma Extraskeletal Myxoid Chondrosarcoma Ovarian Seromucinous Carcinoma Anaplastic Meningioma Uterine Myxoid Leiomyosarcoma Sclerosing Epithelioid Fibrosarcoma Serous Borderline Ovarian Tumor, Micropapillary Renal Mucinous Tubular Spindle Cell Carcinoma Neuroendocrine Tumor, NOS Uterine Epithelioid Leiomyosarcoma Undifferentiated Uterine Sarcoma Mixed Cervical Carcinoma Neuroendocrine Carcinoma, NOS Ovarian Cancer, Other Pineal Parenchymal Tumor of Intermediate Differentiation Schwannoma Melanotic Schwannoma Uterine Dedifferentiated Carcinoma Hemangioblastoma Pleomorphic Rhabdomyosarcoma Epithelial-Myoepithelial Carcinoma Uterine Sarcoma, Other Low-Grade Glioma, NOS Dermatofibroma Goblet Cell Carcinoid of the Appendix Head and Neck Neuroendocrine Carcinoma Sweat Gland Adenocarcinoma Mucosal Melanoma of the Urethra Squamous Cell Carcinoma, NOS Head and Neck Mucosal Melanoma Well-Differentiated Neuroendocrine Tumor of the Rectum Signet Ring Cell Adenocarcinoma of the Colon and Rectum Soft Tissue Myoepithelial Carcinoma Signet Ring Cell Type of the Appendix Salivary Adenocarcinoma Pancreatobiliary Ampullary Carcinoma Lymphoepithelioma-like Carcinoma of the Lung Mammary Analogue Secretory Carcinoma of Salivary Gland Origin Systemic Mastocytosis Uterine Adenosarcoma Odontogenic Carcinoma Langerhans Cell Histiocytosis Waldenstrom Macroglobulinemia Olfactory Neuroblastoma Lung Neuroendocrine Tumor Granular Cell Tumor Teratoma with Malignant Transformation Pituicytoma Serous Borderline Ovarian Tumor Urachal Adenocarcinoma Sarcomatoid Carcinoma of the Urinary Bladder Epithelioid Hemangioendothelioma Anaplastic Ganglioglioma Solitary Fibrous Tumor of the Central Nervous System Collecting Duct Renal Cell Carcinoma Spindle Cell Carcinoma of the Lung Astroblastoma Steroid Cell Tumor, NOS Sebaceous Carcinoma Atypical Meningioma Angioimmunoblastic T-Cell Lymphoma Extraventricular Neurocytoma Low-Grade Endometrial Stromal Sarcoma Malignant Lymphoma Adenocarcinoma, NOS Adrenocortical Adenoma Secondary Osteosarcoma Histiocytic Dendritic Cell Sarcoma Pleomorphic Xanthoastrocytoma Renal Oncocytoma Poorly Differentiated Carcinoma of the Stomach Sinonasal Undifferentiated Carcinoma Pleomorphic Carcinoma of the Lung Cervical Clear Cell Carcinoma Mesonephric Carcinoma High-Grade Neuroendocrine Carcinoma of the Ovary Intestinal Type Mucinous Carcinoma Myofibroma Small Cell Carcinoma of Unknown Primary Mucosal Melanoma of the Esophagus Dedifferentiated Chondrosarcoma Basaloid Large Cell Carcinoma of the Lung Small Cell Bladder Cancer Poorly Differentiated Carcinoma, NOS Glomangiosarcoma Salivary Carcinoma, Other Proximal-Type Epithelioid Sarcoma Classical Hodgkin Lymphoma Sinonasal Adenocarcinoma Breast Ductal Carcinoma In Situ Myxoma Medullary Carcinoma of the Colon Renal Clear Cell Carcinoma with Sarcomatoid Features Pituitary Adenoma Extranodal Marginal Zone Lymphoma of Mucosa-Associated Lymphoid Tissue (MALT lymphoma) Primary Neuroepithelial Tumor Inflammatory Myofibroblastic Lung Tumor Spitzoid Melanoma Low-Grade Neuroepithelial Tumor Primary CNS Melanoma FH-Deficient Renal Cell Carcinoma Cancer of Unknown Primary, NOS Undifferentiated Malignant Neoplasm Malignant Tumor Breast Invasive Carcinoma (NOS) Endometrioid Carcinoma Germ Cell Tumor with Somatic-Type Malignancy Round Cell Sarcoma, NOS Sarcomatoid Renal Cell Carcinoma Periosteal Osteosarcoma Basal Cell Adenocarcinoma Telangiectatic Osteosarcoma Pleuropulmonary Blastoma Ganglioneuroblastoma Low-Grade Glioma (NOS) Plasmacytoid/Signet Ring Cell Bladder CarcinomaÃ‚Â B-Cell Acute Lymphoid Leukemia T-Cell Acute Lymphoid Leukemia Acute Lymphoblastic Leukemia Leukemia AML with Mutated NPM1 AML with Minimal Differentiation Acute Monoblastic/Monocytic Leukemia Therapy-Related Myeloid Neoplasms AML with Maturation AML with Recurrent Genetic Abnormalities Blastic Plasmacytoid Dendritic Cell Neoplasm AML without Maturation Myeloid Sarcoma Acute Megakaryoblastic Leukemia MDS with Isolated Del(5q) Primary Myelofibrosis MDS/MPN, Unclassifiable Endometrial Adenocarcinoma Gastric Adenocarcinoma Liver Hepatocellular Carcinoma Myxoid Fibrosarcoma Melanoma Other Uterine Corpus Endometrial Carcinoma Other Gallbladder Adenocarcinoma Small Bowel Adenocarcinoma Mucinous Liposarcoma Unclassified Sarcoma Soft Tissue Sarcoma Other Liver Hepatocellular Carcinoma plus Intrahepatic Cholangiocarcinoma Ovarian Adenocarcinoma Head and Neck Carcinoma Other Ovarian Serous Carcinoma Urothelial Carcinoma Other Pancreatic Cancer Other Breast Carcinoma Other Uterine Serous Carcinoma Undifferentiated Pleomorphic Sarcoma Malignant Fibrous Histiocytoma Gallbladder Neuroendocrine Tumor Gastric Neuroendocrine Tumor Gallbladder Carcinoma Other Unclassified Kidney Renal Cell Carcinoma Esophageal Carcinoma Other Papillary Kidney Renal Cell Carcinoma Spindle Cell Sarcoma Fibromatosis Well Differentiated Liposarcoma Breast Microinvasive Carcinoma Malignant Small Cell Tumor Colorectal Carcinoma Other Chromophobe Kidney Renal Cell Carcinoma Papillary Throid Carcinoma Non Small Cell Lung Cancer Other Colorectal Neuroendocrine Tumor Fibroblastic Myofibroblastic Tumor Kidney Renal Cell Carcinoma Other Ovarian Granulosa Cell Tumor Gallbladder Adenosquamous Carcinoma Bone Sarcoma Other Solitary Fibrous Tumor Esophageal Neuroendocrine Tumor Esophageal Adenosquamous Carcinoma Gastric Carcinoma Other Nerve Sheath Tumor Medullary Thyroid Carcinoma Small Bowel Neuroendocrine Tumor Ovarian Carcinoma Other Thyroid Carcinoma Other MiT family translocation renal cell carcinoma Follicular Thyroid Carcinoma Intraductal Papillary Mucinous Neoplasm with an associated Invasive Carcinoma Low grade Fibromyxoid Sarcoma Extrarenal Rhabdoid Tumor Adenoid Cystic Carcinoma of the Lung Breast Neoplasm, NOS Breast Invasive Carcinosarcoma, NOS Juvenile Secretory Carcinoma of the Breast Salivary Adenocarcinoma NOS Activated B-cell Type Germinal Center B-Cell Type Congenital Fibrosarcoma Non-Seminomatous Germ Cell Tumor, predominantly yolk sac type Pleuropulmonary blastoma Choroid Plexus Papilloma Plexiform Schwannoma Glioblastoma multiforme Nephroblastomatosis Nested stromal epithelial tumor of the liver Rhabdomyosarcoma, Alveolar subtype Hodgkin Lymphoma-like PTLD Inflammatory myofibroblastic tumor Plexiform fibrohistiocytic tumor Non-seminomatous Mixed Germ Cell Tumor Pilomatrix carcinoma Anaplastic pleomorphic xanthoastrocytoma Anaplastic medulloblastoma Mucoepidermoid carcinoma of the lung Optic nerve glioma Pineal Germ Cell Tumor Small round blue cell tumor/ Ewing Sarcoma Thymic Neuroendocrine Tumor Head and Neck Mucinous Adenocarcinoma Lymph Node Clear Cell Carcinoma of the Lung Bowel Sarcomatoid Adenosarcoma Cervical Neuroendocrine Tumor Seminal Vesicle Carcinoma B-Lymphoblastic Leukemia/Lymphoma with t(9;22)(q34.1;q11.2);BCR-ABL1 B-Lymphoblastic Leukemia/Lymphoma, BCR-ABL1 Like Embryonal Tumor with Abundant Neuropil and True Rosettes Early T-Cell Precursor Lymphoblastic Leukemia Germinoma Rosai-Dorfman Disease Adenosquamous Carcinoma of the Gallbladder Extra Gonadal Germ Cell Tumor Atypical Nevus Ocular Melanoma Desmoplastic Small Round Cell Tumor Extraskeletal Osteosarcoma Infantile Sarcoma Myxoinflammatory Fibroblastic Sarcoma Paraosteal Osteosarcoma Pseudomyogenic Hemangioendothelioma Round Cell Sarcoma, Other Undifferentiated Pleomorphic Sarcoma/Maligant Fibrous Histiocytoma/High-Grade Spindle Cell Sarcoma Epithelial Type Metaplastic Breast Cancer Cervical Adenoid Cystic Carcinoma Cervical Adenocarcinoma In Situ Porocarcinoma/Spiroadenocarcinoma Carcinoma with Chondroid Metaplasia Carcinoma with Osseous Metaplasia Adenocarcinoma of Gallbladder Small Cell Neuroendocrine Carcinoma of Gallbladder Squamous Cell Carcinoma of Gallbladder Adenosquamous Carcinoma of Gallbladder Mixed Adenocarcinoma and Neuroendocrine Carcinoma Large Cell Neuroendocrine Carcinoma of Gallbladder Prostate Squamous Cell Carcinoma High-Grade Serous Fallopian Tube Cancer Peritoneal Serous Carcinoma",0.970378897,0.97039,1.11029999999568e-05,788,650,0.8248730964467
"cancer_type_detailed","DETAILED_CANCER_TYPE","NA AML with mutated NPM1 Acute myelomonocytic leukemia AML with minimal differentiation Mastocytosis AML, NOS AML with t(6;9)(p23;q34.1);DEK-NUP214 AML with mutated CEBPA AML with myelodysplasia-related changes AML with inv(16)(p13.1q22) or t(16;16)(p13.1;q22); CBFB-MYH11 AML with maturation Acute promyelocytic leukaemia with t(15;17)(q22;q12); PML-RARA AML with t(8;21)(q22;q22.1);RUNX1-RUNX1T1 Therapy-related myeloid neoplasms Acute monoblastic/monocytic leukemia AML with t(9;11)(p22;q23); MLLT3-MLL Secondary myelofibrosis AML with inv(3)(q21q26.2) or t(3;3)(q21;q26.2); RPN1-EVI1 RAEB Acute erythroid leukemia MDS-U Mixed Phenotype Acute Leukemia, T/Myeloid, NOS Atypical chronic myeloid leukaemia, BCR-ABL1 negative Acute undifferentiated leukaemia Blastic plasmacytoid dendritic cell neoplasm AML without maturation Essential thrombocythemia Acute Myeloid Leukemia Acute myeloid leukemia Acute megakaryoblastic leukemia Refractory cytopenia with multilineage dysplasia MDS with isolated del(5q) Myeloid sarcoma Myeloid leukaemia associated with Down syndrome CMML Primary myelofibrosis Acute myeloblastic leukemia Acute myeloid leukemia with multilineage dysplasia Acute myeloblastic leukemia, in relapse Acute myeloid leukemia with multilineage dysplasia, not having achieved remission Myelodysplastic Syndromes Polycythemia Vera Myeloproliferative Neoplasms Mixed Phenotype Acute Leukemia, B/Myeloid, NOS Therapy-Related Myelodysplastic Syndrome MDS with excess blasts-2 Polycythaemia Vera Myelofibrosis Chronic Myelogenous Leukemia Primary Myelofibrosis,Overt Fibrotic Stage MDS with Ring Sideroblasts and Multilineage Dysplasia MDS with excess blasts-1 MDS with Excess Blasts AML with inv(3)(q21.3q26.2) or t(3;3)(q21.3;q26.2); GATA2, MECOM MDS with Single Lineage Dysplasia MDS with Multilineage Dysplasia MDS with Ring Sideroblasts and Single Lineage Dysplasia AML with inv(16)(p13.1q22) or t(16;16)(p13.1;q22);CBFB-MYH11 MDS with Ring Sideroblasts Chronic Myeloid Leukemia, BCR-ABL1+ AML with mutated RUNX1 Essential Thrombocythemia Myelofibrosis Acute Leukemias of Ambiguous Lineage RCMD RA RT MDSMPN RARS RCMD-RS RARS-T AML-MDS RAEB1",0.02352673,0.97039,1.11029999999568e-05,NA,NA,NA
"cancer_type_detailed","HISTOLOGICAL_DIAGNOSIS","Adrenocortical carcinoma- Usual Type Adrenocortical Carcinoma- Oncocytic Type Adrenocortical Carcinoma- Myxoid Type NA Benign PT Borderline PT Malignant PT Muscle invasive urothelial carcinoma (pT2 or above) Infiltrating Ductal Carcinoma Mixed Histology (please specify) Other, specify Infiltrating Lobular Carcinoma Medullary Carcinoma Mucinous Carcinoma Metaplastic Carcinoma Infiltrating Carcinoma NOS Clear cell renal cell carcinoma Cervical Squamous Cell Carcinoma Endocervical Type of Adenocarcinoma Mucinous Adenocarcinoma of Endocervical Type Endocervical Adenocarcinoma of the Usual Type Adenosquamous Endometrioid Adenocarcinoma of Endocervix Colon Adenocarcinoma Colon Mucinous Adenocarcinoma Rectal Adenocarcinoma Rectal Mucinous Adenocarcinoma Primary mediastinal (thymic) DLBCL Diffuse large B-cell lymphoma (DLBCL) NOS (any anatomic site nodal or extranodal) Primary DLBCL of the CNS Esophagus Squamous Cell Carcinoma Esophagus Adenocarcinoma, NOS Untreated primary (de novo) GBM Treated primary GBM Glioblastoma Multiforme (GBM) Kidney Clear Cell Renal Carcinoma Kidney Chromophobe Head & Neck Squamous Cell Carcinoma Head & Neck Squamous Cell Carcinoma Basaloid Type Head & Neck Squamous Cell Carcinoma, Spindle Cell Variant Kidney Papillary Renal Cell Carcinoma Astrocytoma Oligodendroglioma Oligoastrocytoma Hepatocellular Carcinoma Hepatocholangiocarcinoma (Mixed) Fibrolamellar Carcinoma Lung Adenocarcinoma Lung Squamous Cell Carcinoma astrocytoma oligodendroglioma oligoastrocytoma glioblastoma Diffuse malignant mesothelioma - NOS Biphasic mesothelioma Epithelioid mesothelioma Sarcomatoid mesothelioma Serous Cystadenocarcinoma Pancreas-Adenocarcinoma Ductal Type Pancreas-Adenocarcinoma-Other Subtype Pancreas-Colloid (mucinous non-cystic) Carcinoma Pancreas-Undifferentiated Carcinoma Pheochromocytoma Paraganglioma Paraganglioma; Extra-adrenal Pheochromocytoma Prostate Adenocarcinoma Acinar Type Prostate Adenocarcinoma, Other Subtype Dedifferentiated liposarcoma Leiomyosarcoma (LMS) Undifferentiated Pleomorphic Sarcoma (UPS) Myxofibrosarcoma Malignant Peripheral Nerve Sheath Tumors (MPNST) Pleomorphic 'MFH' / Undifferentiated pleomorphic sarcoma Giant cell 'MFH' / Undifferentiated pleomorphic sarcoma with giant cells Synovial Sarcoma - Monophasic Synovial Sarcoma - Biphasic Sarcoma; synovial; poorly differentiated Desmoid Tumor Stomach, Adenocarcinoma, Not Otherwise Specified (NOS) Stomach, Intestinal Adenocarcinoma, Not Otherwise Specified (NOS) Stomach, Adenocarcinoma, Diffuse Type Stomach, Intestinal Adenocarcinoma, Tubular Type Stomach, Intestinal Adenocarcinoma, Papillary Type Stomach, Intestinal Adenocarcinoma, Mucinous Type Stomach Adenocarcinoma, Signet Ring Type Seminoma; NOS Non-Seminoma; Embryonal Carcinoma|Non-Seminoma; Yolk Sac Tumor Non-Seminoma; Teratoma (Mature)|Non-Seminoma; Yolk Sac Tumor Non-Seminoma; Embryonal Carcinoma Non-Seminoma; Yolk Sac Tumor Non-Seminoma; Teratoma (Immature)|Non-Seminoma; Yolk Sac Tumor|Non-Seminoma; Embryonal Carcinoma|Non-Seminoma; Teratoma (Mature) Non-Seminoma; Embryonal Carcinoma|Non-Seminoma; Yolk Sac Tumor|Non-Seminoma; Teratoma (Mature) Non-Seminoma; Teratoma (Mature)|Seminoma; NOS|Non-Seminoma; Embryonal Carcinoma|Non-Seminoma; Yolk Sac Tumor Non-Seminoma; Teratoma (Mature) Non-Seminoma; Embryonal Carcinoma|Non-Seminoma; Teratoma (Mature)|Non-Seminoma; Teratoma (Immature)|Non-Seminoma; Yolk Sac Tumor Non-Seminoma; Teratoma (Mature)|Non-Seminoma; Teratoma (Immature)|Non-Seminoma; Embryonal Carcinoma|Non-Seminoma; Yolk Sac Tumor Non-Seminoma; Embryonal Carcinoma|Seminoma; NOS Non-Seminoma; Yolk Sac Tumor|Non-Seminoma; Embryonal Carcinoma Non-Seminoma; Teratoma (Immature)|Non-Seminoma; Yolk Sac Tumor Non-Seminoma; Yolk Sac Tumor|Non-Seminoma; Teratoma (Mature) Non-Seminoma; Teratoma (Mature)|Non-Seminoma; Embryonal Carcinoma|Non-Seminoma; Teratoma (Immature)|Non-Seminoma; Yolk Sac Tumor Non-Seminoma; Teratoma (Mature)|Non-Seminoma; Teratoma (Immature)|Non-Seminoma; Embryonal Carcinoma Non-Seminoma; Embryonal Carcinoma|Non-Seminoma; Teratoma (Mature)|Non-Seminoma; Choriocarcinoma|Non-Seminoma; Yolk Sac Tumor|Seminoma; NOS Seminoma; NOS|Non-Seminoma; Embryonal Carcinoma Non-Seminoma; Teratoma (Mature)|Non-Seminoma; Teratoma (Immature)|Non-Seminoma; Yolk Sac Tumor|Non-Seminoma; Embryonal Carcinoma|Seminoma; NOS Seminoma; NOS|Non-Seminoma; Teratoma (Mature)|Non-Seminoma; Teratoma (Immature)|Non-Seminoma; Yolk Sac Tumor Non-Seminoma; Yolk Sac Tumor|Non-Seminoma; Embryonal Carcinoma|Non-Seminoma; Teratoma (Mature)|Seminoma; NOS Non-Seminoma; Teratoma (Mature)|[Not Available]|Non-Seminoma; Embryonal Carcinoma|Non-Seminoma; Yolk Sac Tumor Non-Seminoma; Yolk Sac Tumor|Non-Seminoma; Embryonal Carcinoma|Non-Seminoma; Teratoma (Mature)|Non-Seminoma; Teratoma (Immature) Seminoma; NOS|Non-Seminoma; Teratoma (Mature) Seminoma; NOS|Non-Seminoma; Teratoma (Mature)|Non-Seminoma; Embryonal Carcinoma|Non-Seminoma; Yolk Sac Tumor Non-Seminoma; Embryonal Carcinoma|Non-Seminoma; Yolk Sac Tumor|Non-Seminoma; Teratoma (Mature)|Non-Seminoma; Teratoma (Immature)|Seminoma; NOS Non-Seminoma; Embryonal Carcinoma|Non-Seminoma; Teratoma (Mature) Seminoma; NOS|Non-Seminoma; Teratoma (Mature)|Non-Seminoma; Embryonal Carcinoma Non-Seminoma; Teratoma (Mature)|Non-Seminoma; Teratoma (Immature)|Non-Seminoma; Yolk Sac Tumor|Non-Seminoma; Embryonal Carcinoma|Non-Seminoma; Choriocarcinoma Non-Seminoma; Embryonal Carcinoma|[Not Available] Seminoma; NOS|Non-Seminoma; Yolk Sac Tumor|Non-Seminoma; Embryonal Carcinoma|Non-Seminoma; Teratoma (Immature) Non-Seminoma; Teratoma (Immature)|Non-Seminoma; Yolk Sac Tumor|Non-Seminoma; Embryonal Carcinoma Non-Seminoma; Choriocarcinoma|Non-Seminoma; Embryonal Carcinoma|Non-Seminoma; Yolk Sac Tumor|Non-Seminoma; Teratoma (Mature)|Non-Seminoma; Teratoma (Immature) Non-Seminoma; Teratoma (Immature)|Non-Seminoma; Teratoma (Mature)|Non-Seminoma; Yolk Sac Tumor Seminoma; NOS|Non-Seminoma; Choriocarcinoma Seminoma; NOS|Non-Seminoma; Yolk Sac Tumor|Non-Seminoma; Teratoma (Mature)|Non-Seminoma; Teratoma (Immature) Non-Seminoma; Embryonal Carcinoma|[Not Available]|[Not Available]|[Not Available] Non-Seminoma; Embryonal Carcinoma|Non-Seminoma; Yolk Sac Tumor|Non-Seminoma; Choriocarcinoma Non-Seminoma; Teratoma (Immature) Non-Seminoma; Embryonal Carcinoma|Non-Seminoma; Yolk Sac Tumor|Non-Seminoma; Teratoma (Immature) Thymoma; Type B1 Thymoma; Type A Thymoma; Type B2 Thymoma; Type C Thymoma; Type B3 Thymoma; Type AB Thymoma; Type B2|Thymoma; Type B3 Thymoma; Type A|Thymoma; Type AB Thymoma; Type B1|Thymoma; Type B2 Thyroid Papillary Carcinoma - Classical/usual Thyroid Papillary Carcinoma - Follicular (>= 99% follicular patterned) Thyroid Papillary Carcinoma - Tall Cell (>= 50% tall cell features) Endometrioid endometrial adenocarcinoma Serous endometrial adenocarcinoma Mixed serous and endometrioid Uterine Carcinosarcoma/ MMMT: Heterologous Type Uterine Carcinosarcoma/MMMT: Homologous Type Uterine Carcinosarcoma/ Malignant Mixed Mullerian Tumor (MMMT): NOS Epithelioid Cell Epithelioid Cell|Spindle Cell Spindle Cell Spindle Cell|Epithelioid Cell Cholangiocarcinoma; intrahepatic Cholangiocarcinoma; distal Cholangiocarcinoma; hilar/perihilar chromophobe, classic chromophobe, eosinophilic unclassified oncocytoma papillary Rel oncocytic neoplasm, favor oncocytoma Rel oncocytic neoplasm, favor chromophobe, eosinophilic sarcomatoid translocation Glioblastoma Anaplastic Oligodendroglioma",0.073849798,0.97039,1.11029999999568e-05,NA,NA,NA
"cancer_type_detailed","HISTOLOGICAL_TYPE","NA Solid Cribriform Cribriform/Solid Glioma Osteosarcoma Carcinoma Haematopoietic Neoplasm Malignant Melanoma Rhabdomyosarcoma Lymphoid Neoplasm Ewings Sarcoma-Peripheral Primitive Neuroectodermal Tumour Mesothelioma Chondrosarcoma Neuroblastoma Sex Cord-Stromal Tumour Primitive Neuroectodermal Tumour-Medulloblastoma Rhabdoid Tumour Malignant Fibrous Histiocytoma-Pleomorphic Sarcoma Giant Cell Tumour Other Fibrosarcoma Carcinoid-Endocrine Tumour Leiomyosarcoma Sarcoma IDC Phyllodes Mixed Well differentiated tubular adenocarcinoma Papillary carcinoma Adenocarcinoma islet cell tumor RT Classical Follicular Tall Cell Other specify Tubular Cribriform/Solid/Tubular Cribriform/Tubular Solid/Dedifferentiated Solid/High-grade Transformation Solid (>50%) Solid (>30%)",0.009892236,0.97039,1.11029999999568e-05,NA,NA,NA
"cancer_status","PERSON_NEOPLASM_CANCER_STATUS","NA WITH_TUMOR TUMOR_FREE With Tumor Tumor Free",0.05322012,0.05322012,0,5,3,0.6
